{"cameraMode":{"drawMode":0,"name":"Shaded","section":"Shading Mode"},"sceneLighting":true,"audioPlay":false,"sceneViewState":{"m_AlwaysRefresh":false,"showFog":true,"showSkybox":true,"showFlares":true,"showImageEffects":true,"showParticleSystems":true,"showVisualEffectGraphs":true,"m_FxEnabled":true},"in2DMode":false,"pivot":{"x":10.064648628234864,"y":6.800308704376221,"z":-6.001161575317383},"rotation":{"x":0.19282382726669312,"y":-0.22734010219573975,"z":0.04726378619670868,"w":0.9536126852035523},"size":1.0641578435897828,"orthographic":false}